epoch;accuracy;loss
0;1.0;1.2520159482955933
0;1.0;4367.8193359375
0;1.0;1374.1751708984375
0;0.5;716.8880615234375
0;0.800000011920929;5.059484004974365
0;1.0;26.525537490844727
0;0.5714285969734192;19.39994239807129
0;0.875;7.622814178466797
0;0.4444444477558136;4.133352279663086
0;0.8999999761581421;3.4846465587615967
0;0.4545454680919647;1.8577831983566284
0;0.6666666865348816;1.0332614183425903
0;0.38461539149284363;0.6070318222045898
0;0.7857142686843872;0.411464124917984
0;1.0;0.6098125576972961
0;0.5625;1.32160222530365
0;0.8823529481887817;1.4630765914916992
0;0.6666666865348816;0.34643760323524475
0;1.0;4.693800926208496
0;1.0;22.258377075195312
0;0.6666666865348816;3.2755777835845947
0;0.75;1.1335455179214478
0;0.800000011920929;0.7038726210594177
0;0.6666666865348816;0.3481212854385376
0;0.8571428656578064;0.36159417033195496
0;0.625;0.12475951015949249
0;1.0;0.09480959177017212
0;1.0;7.954251766204834
0;0.4545454680919647;3.6300878524780273
0;0.6666666865348816;2.5604875087738037
0;0.7692307829856873;9.7547025680542
0;0.6428571343421936;5.439883232116699
0;0.8666666746139526;4.850815773010254
0;0.8125;5.873570442199707
0;0.9411764740943909;6.669774532318115
0;0.9444444179534912;5.033758640289307
0;0.6315789222717285;8.900057792663574
0;0.8421052694320679;5.612306118011475
0;0.6666666865348816;5.243361473083496
0;0.7272727489471436;5.629462718963623
0;0.8260869383811951;4.563627243041992
0;0.7916666865348816;4.79356575012207
0;0.9599999785423279;1.9469479322433472
0;0.9230769276618958;3.1082510948181152
0;0.5925925970077515;3.7557108402252197
0;0.8571428656578064;3.4727704524993896
0;0.7142857313156128;2.6946218013763428
0;0.8666666746139526;2.022128105163574
0;0.9354838728904724;1.9153026342391968
0;0.774193525314331;4.08046293258667
0;0.6000000238418579;9.384005546569824
0;0.7096773982048035;6.247628211975098
0;0.970588207244873;4.78524112701416
0;0.6857143044471741;4.113635063171387
0;0.9714285731315613;6.707765579223633
0;0.6666666865348816;7.122153282165527
0;0.8285714387893677;6.468812942504883
0;0.5384615659713745;3.761251926422119
0;0.7179487347602844;18.3883113861084
0;0.2750000059604645;10.599031448364258
0;0.31707316637039185;8.239867210388184
0;0.5853658318519592;6.446256160736084
0;0.8536585569381714;5.678426265716553
0;0.5;4.541220664978027
0;0.738095223903656;5.47985315322876
0;0.9487179517745972;6.298266410827637
0;0.5609756112098694;5.730527400970459
0;0.6136363744735718;7.159727573394775
0;0.6666666865348816;8.311917304992676
0;0.7916666865348816;6.699015140533447
0;0.8297872543334961;6.3857550621032715
0;0.8666666746139526;6.221736431121826
0;0.5306122303009033;8.130756378173828
0;0.804347813129425;7.844188690185547
0;0.42553192377090454;10.234024047851562
0;0.8571428656578064;41.04026412963867
0;0.75;13.037841796875
0;0.6666666865348816;20.407732009887695
0;0.800000011920929;31.897769927978516
0;0.6363636255264282;40.877803802490234
0;0.75;25.089426040649414
0;0.7692307829856873;23.101518630981445
0;0.6428571343421936;18.455583572387695
0;0.7333333492279053;6.076286792755127
0;0.8125;5.526224136352539
0;0.8823529481887817;34.108245849609375
0;0.7222222089767456;21.65734100341797
0;0.7894737124443054;20.1727352142334
0;0.699999988079071;11.068074226379395
0;0.9047619104385376;14.300320625305176
0;0.40909090638160706;18.711652755737305
0;0.6521739363670349;15.720723152160645
0;0.7083333134651184;11.60668659210205
0;0.800000011920929;8.404922485351562
0;0.7916666865348816;7.916245937347412
0;0.5769230723381042;13.373053550720215
0;0.8148148059844971;10.975769996643066
0;0.9629629850387573;19.098264694213867
0;0.5517241358757019;15.108939170837402
0;0.5483871102333069;13.980772972106934
0;0.7666666507720947;16.466991424560547
0;0.9666666388511658;14.796467781066895
0;0.970588207244873;10.826842308044434
0;1.0;39.46156692504883
0;0.3636363744735718;11.026957511901855
0;0.40625;13.772266387939453
0;0.4722222089767456;13.12204647064209
0;0.6216216087341309;11.402353286743164
0;0.8648648858070374;8.509469985961914
0;0.5555555820465088;18.04387664794922
0;0.5384615659713745;15.13086223602295
0;0.5609756112098694;11.266016960144043
0;0.5555555820465088;13.95190715789795
0;0.34210526943206787;11.424739837646484
0;0.5454545617103577;12.076508522033691
0;1.0;10.898509979248047
0;0.5454545617103577;11.7736234664917
0;0.550000011920929;9.546701431274414
0;0.5581395626068115;7.4204511642456055
0;0.7727272510528564;9.832566261291504
0;0.978723406791687;9.308355331420898
0;0.9555555582046509;8.82502555847168
0;0.6279069781303406;10.35055923461914
0;0.97826087474823;14.155102729797363
0;0.4318181872367859;6.82989501953125
0;0.4897959232330322;8.565001487731934
0;0.4651162922382355;9.38572883605957
0;0.7872340679168701;7.037550449371338
0;0.9433962106704712;9.139120101928711
0;1.0;8.181689262390137
0;0.957446813583374;6.30129861831665
0;0.9545454382896423;11.122238159179688
0;0.9629629850387573;8.623198509216309
0;0.9464285969734192;8.114262580871582
0;0.9433962106704712;8.334026336669922
0;0.8399999737739563;8.76602840423584
0;0.8214285969734192;8.68110466003418
0;0.7234042286872864;8.45666217803955
0;0.9411764740943909;6.578418254852295
0;0.9629629850387573;9.211195945739746
0;0.9433962106704712;7.028933048248291
0;0.8979591727256775;4.7132463455200195
0;0.8196721076965332;8.34085750579834
0;0.9090909361839294;8.820786476135254
0;0.38181817531585693;6.575285911560059
0;0.9056603908538818;8.729264259338379
0;0.6727272868156433;7.798507213592529
0;0.6896551847457886;7.012853145599365
0;0.9615384340286255;6.4641947746276855
0;0.921875;5.45481014251709
0;0.8999999761581421;43.33600616455078
0;1.0;29.14159393310547
0;0.5;50.04982376098633
0;0.692307710647583;42.22098159790039
0;0.7857142686843872;31.709320068359375
0;1.0;18.96668243408203
0;0.5;28.78015899658203
0;0.8235294222831726;19.16338348388672
0;0.6111111044883728;26.89078140258789
0;0.5789473652839661;21.54128646850586
0;0.550000011920929;17.07835578918457
0;0.4285714328289032;25.015432357788086
0;0.8636363744735718;17.663639068603516
0;0.6086956262588501;18.393644332885742
0;0.6086956262588501;19.97844123840332
0;0.8333333134651184;45.06272506713867
0;0.9230769276618958;13.803696632385254
0;0.9285714030265808;400.4390563964844
0;0.6666666865348816;40.48490524291992
0;0.8125;27.78165054321289
0;0.7647058963775635;14.83916187286377
0;0.7222222089767456;21.123943328857422
0;0.6315789222717285;88.19303131103516
0;0.699999988079071;33.04737091064453
0;0.75;29.40228271484375
0;0.6818181872367859;24.402158737182617
0;0.6521739363670349;45.593055725097656
0;0.7083333134651184;29.04186248779297
0;0.7200000286102295;24.7152156829834
0;0.6800000071525574;34.795772552490234
0;0.692307710647583;23.433311462402344
0;0.5357142686843872;19.69329833984375
0;0.75;14.780660629272461
0;0.5357142686843872;16.648244857788086
0;0.5862069129943848;21.72800636291504
0;0.625;18.155349731445312
0;0.5757575631141663;16.38490104675293
0;0.5806451439857483;16.079349517822266
0;0.5588235259056091;17.917644500732422
0;0.6944444179534912;15.49593734741211
0;0.7142857313156128;14.977749824523926
0;0.5833333134651184;18.086565017700195
0;0.6111111044883728;15.496700286865234
0;0.5588235259056091;16.076496124267578
0;0.574999988079071;13.602938652038574
0;0.7027027010917664;12.61111068725586
0;0.6153846383094788;11.957802772521973
0;0.5128205418586731;19.498897552490234
0;0.5227272510528564;16.3629093170166
0;0.5789473652839661;16.20965576171875
0;0.5581395626068115;14.826828956604004
0;0.5853658318519592;14.568926811218262
0;0.5681818127632141;12.524646759033203
0;0.4761904776096344;16.06917381286621
0;0.6222222447395325;12.954204559326172
0;0.5333333611488342;13.209880828857422
0;0.5;13.918240547180176
0;0.5869565010070801;11.310454368591309
0;0.5;13.89887523651123
0;0.5319148898124695;14.716851234436035
0;0.44680851697921753;15.18409252166748
0;0.6037735939025879;14.39200496673584
0;0.41999998688697815;14.39352035522461
0;0.47826087474823;14.890859603881836
0;0.44897958636283875;11.124739646911621
0;0.4716981053352356;14.101170539855957
0;0.4000000059604645;12.848041534423828
0;0.5283018946647644;11.942412376403809
0;0.5600000023841858;10.609513282775879
0;0.5102040767669678;14.206250190734863
0;0.4901960790157318;13.449557304382324
0;0.4528301954269409;14.435314178466797
0;0.5178571343421936;10.437056541442871
0;0.557692289352417;10.551743507385254
0;0.30000001192092896;40.15260696411133
0;0.3265306055545807;11.269241333007812
0;0.4000000059604645;12.830669403076172
0;0.7884615659713745;13.421326637268066
0;0.8363636136054993;14.796099662780762
0;0.5263158082962036;13.020359992980957
0;0.5090909004211426;13.416678428649902
0;0.38596490025520325;14.768481254577637
0;0.3888888955116272;10.59695816040039
0;0.4385964870452881;13.6141996383667
0;0.3492063581943512;13.033534049987793
0;0.4909090995788574;11.308974266052246
0;0.4000000059604645;14.383428573608398
0;0.3870967626571655;12.718628883361816
0;0.3571428656578064;13.028898239135742
0;0.4137931168079376;9.19608211517334
0;0.4354838728904724;14.5439453125
0;0.9411764740943909;48.22542953491211
0;0.8888888955116272;40.31144714355469
0;0.9473684430122375;30.781259536743164
0;0.8947368264198303;21.996370315551758
0;0.7142857313156128;16.33052635192871
0;0.7272727489471436;14.474165916442871
0;0.782608687877655;19.089313507080078
0;0.7916666865348816;11.874138832092285
0;0.800000011920929;12.353370666503906
0;0.7599999904632568;13.561668395996094
0;0.7692307829856873;12.933281898498535
0;0.8214285969734192;13.12905216217041
0;0.9655172228813171;13.167047500610352
0;0.8275862336158752;18.007383346557617
0;0.8387096524238586;12.440327644348145
0;0.8387096524238586;15.588850021362305
0;0.8333333134651184;12.454789161682129
0;0.84375;12.069613456726074
0;0.875;11.994409561157227
0;0.875;11.108354568481445
0;0.8484848737716675;11.473244667053223
0;0.9729729890823364;10.824155807495117
0;0.8611111044883728;12.210104942321777
0;0.9729729890823364;11.181621551513672
0;0.9166666865348816;8.462312698364258
0;0.9736841917037964;8.604243278503418
0;0.8974359035491943;8.318977355957031
0;0.9459459185600281;10.094863891601562
0;0.9024389982223511;8.06092357635498
0;0.8999999761581421;10.803019523620605
0;0.9090909361839294;14.412528038024902
0;0.8636363744735718;12.328990936279297
0;0.8666666746139526;10.709086418151855
0;0.8604651093482971;9.410337448120117
0;0.8809523582458496;9.334641456604004
0;0.9047619104385376;7.675926685333252
0;0.8837209343910217;10.892160415649414
0;0.9166666865348816;7.4041428565979
0;0.8367347121238708;8.761606216430664
0;0.8695651888847351;10.088506698608398
0;0.8723404407501221;12.100316047668457
0;0.8823529481887817;9.293601989746094
0;0.7799999713897705;10.740350723266602
0;0.8163265585899353;10.062348365783691
0;0.8571428656578064;11.672399520874023
0;0.8163265585899353;10.780179977416992
0;0.8478260636329651;9.271622657775879
0;0.8867924809455872;8.735790252685547
0;0.8269230723381042;13.790750503540039
0;0.8627451062202454;9.291277885437012
0;0.8600000143051147;12.543730735778809
0;0.31481480598449707;16.970109939575195
0;0.8679245114326477;13.051952362060547
0;0.8113207817077637;9.877001762390137
0;0.32692307233810425;33.44322967529297
0;0.7799999713897705;27.968713760375977
0;0.31481480598449707;15.10101318359375
0;0.8275862336158752;14.985176086425781
0;0.8148148059844971;12.804956436157227
0;0.6470588445663452;34.780887603759766
0;0.8888888955116272;17.379066467285156
0;0.6842105388641357;40.499908447265625
0;0.6499999761581421;15.959474563598633
0;0.8095238208770752;17.040855407714844
0;0.7727272510528564;25.80535888671875
0;0.739130437374115;14.365621566772461
0;0.7083333134651184;15.1365385055542
0;0.6666666865348816;16.397905349731445
0;0.6399999856948853;15.829148292541504
0;0.6296296119689941;15.978496551513672
0;0.6428571343421936;15.915547370910645
0;0.6296296119689941;17.458892822265625
0;0.6296296119689941;18.796730041503906
0;0.6296296119689941;19.186817169189453
0;0.6451612710952759;21.156885147094727
0;0.59375;18.242164611816406
0;0.6774193644523621;17.54215431213379
0;0.6176470518112183;16.274616241455078
0;0.5882353186607361;15.855545997619629
0;0.5882353186607361;16.885025024414062
0;0.6764705777168274;15.571222305297852
0;0.6666666865348816;16.34703826904297
0;0.6216216087341309;18.35089683532715
0;0.5853658318519592;17.64104652404785
0;0.675000011920929;16.95492935180664
0;0.6410256624221802;14.066896438598633
0;0.5405405163764954;14.394739151000977
0;0.5249999761581421;16.281030654907227
0;0.625;13.758848190307617
0;0.6585366129875183;14.217351913452148
0;0.6511628031730652;15.279556274414062
0;0.604651153087616;16.74410057067871
0;0.5121951103210449;17.005367279052734
0;0.5853658318519592;14.96700668334961
0;0.5;13.627827644348145
0;0.5416666865348816;14.37076473236084
0;0.5227272510528564;16.049829483032227
0;0.5869565010070801;16.01903533935547
0;0.5208333134651184;15.288337707519531
0;0.523809552192688;14.986051559448242
0;0.54347825050354;15.371520042419434
0;0.4901960790157318;17.033557891845703
0;0.9523809552192688;34.09498977661133
0;0.9523809552192688;30.24650001525879
0;0.695652186870575;41.729957580566406
0;0.7916666865348816;21.405603408813477
0;0.5;18.9104061126709
0;0.5199999809265137;12.968790054321289
0;0.6666666865348816;27.19803810119629
0;0.7857142686843872;25.87681770324707
0;0.5862069129943848;20.5091552734375
0;0.6333333253860474;13.641119003295898
0;0.6333333253860474;15.925383567810059
0;0.699999988079071;14.011372566223145
0;0.6666666865348816;15.879622459411621
0;0.6666666865348816;18.58450698852539
0;0.699999988079071;19.52352523803711
0;0.6666666865348816;14.43545150756836
0;0.6176470518112183;13.578157424926758
0;0.75;11.556272506713867
0;0.6756756901741028;15.60934066772461
0;0.6111111044883728;14.99193286895752
0;0.7027027010917664;13.234702110290527
0;0.6216216087341309;16.994613647460938
0;0.625;15.925300598144531
0;0.6216216087341309;15.91688346862793
0;0.6428571343421936;14.87817668914795
0;0.7250000238418579;13.315381050109863
0;0.6279069781303406;15.585946083068848
0;0.7674418687820435;15.058770179748535
0;0.6976743936538696;12.795454025268555
0;0.6590909361839294;14.062438011169434
0;0.6739130616188049;14.78293228149414
0;0.6739130616188049;15.169867515563965
0;0.717391312122345;13.250946998596191
0;0.7674418687820435;13.677691459655762
0;0.75;13.911341667175293
0;0.7083333134651184;13.279339790344238
0;0.6888889074325562;13.061995506286621
0;0.7599999904632568;12.612767219543457
0;0.7446808218955994;11.915766716003418
0;0.7333333492279053;13.080039978027344
0;0.75;13.370986938476562
0;0.7058823704719543;13.001273155212402
0;0.5769230723381042;14.024827003479004
0;0.6800000071525574;16.797094345092773
0;0.7200000286102295;14.633447647094727
0;0.7454545497894287;14.174241065979004
0;0.7735849022865295;14.292801856994629
0;0.7272727489471436;16.207921981811523
0;0.6909090876579285;14.156886100769043
0;0.7843137383460999;11.6350679397583
0;0.7368420958518982;13.335795402526855
0;0.5090909004211426;12.805648803710938
0;0.7796609997749329;14.733457565307617
0;0.6451612710952759;16.80687713623047
0;0.7321428656578064;13.622929573059082
0;0.6842105388641357;13.61660385131836
0;0.719298243522644;12.26803207397461
0;0.5094339847564697;16.55619239807129
0;0.8627451062202454;41.39503479003906
0;0.4545454680919647;20.968521118164062
0;0.5925925970077515;18.99789047241211
0;0.3571428656578064;23.72934913635254
0;0.7413793206214905;14.547414779663086
0;0.6428571343421936;14.575488090515137
0;0.6833333373069763;16.41338539123535
0;0.734375;12.931122779846191
0;0.6779661178588867;14.174052238464355
0;0.640625;15.657962799072266
0;0.7377049326896667;12.58830451965332
0;0.6610169410705566;15.783835411071777
0;0.725806474685669;13.781777381896973
0;0.7049180269241333;15.408370018005371
0;0.7377049326896667;14.074316024780273
0;0.699999988079071;13.389363288879395
0;0.7166666388511658;10.587662696838379
0;0.6721311211585999;14.068501472473145
0;0.6607142686843872;13.547224998474121
0;0.7727272510528564;11.413249969482422
0;0.6721311211585999;16.160690307617188
0;0.6984127163887024;14.173593521118164
0;0.7246376872062683;12.142602920532227
0;0.7460317611694336;11.225153923034668
0;0.688524603843689;14.651110649108887
0;0.703125;12.732632637023926
0;0.6153846383094788;13.946793556213379
0;0.7796609997749329;9.42686653137207
0;0.8253968358039856;9.557543754577637
0;0.720588207244873;14.410805702209473
0;0.7878788113594055;12.824403762817383
0;0.7424242496490479;11.960798263549805
0;0.6065573692321777;10.205222129821777
0;0.720588207244873;9.562294960021973
0;0.7575757503509521;11.511337280273438
0;0.7076923251152039;11.987346649169922
0;0.8507462739944458;7.9299468994140625
0;0.75;10.713000297546387
0;0.7460317611694336;9.568114280700684
0;0.8125;16.673301696777344
0;0.32307693362236023;15.222785949707031
0;0.7761194109916687;12.71848201751709
0;0.7222222089767456;10.716044425964355
0;0.746268630027771;9.803510665893555
0;0.7424242496490479;11.609731674194336
0;0.8088235259056091;8.612726211547852
0;0.734375;12.116622924804688
0;0.6811594367027283;11.105289459228516
0;0.7837837934494019;9.596545219421387
0;0.8799999952316284;28.674257278442383
0;0.5185185074806213;55.628353118896484
0;0.7857142686843872;35.54949188232422
0;0.5;104.45513916015625
0;0.5862069129943848;37.06765365600586
0;0.6071428656578064;26.033443450927734
0;0.59375;20.023090362548828
0;0.59375;17.121265411376953
0;0.6176470518112183;21.10820198059082
0;0.7096773982048035;16.930227279663086
0;0.6470588445663452;23.394445419311523
0;0.6486486196517944;16.14068031311035
0;0.6363636255264282;15.658456802368164
0;0.6842105388641357;16.166025161743164
0;0.6764705777168274;15.977126121520996
0;0.6399999856948853;6.370128631591797
0;0.42307692766189575;8.641008377075195
0;0.5555555820465088;20.81243896484375
0;0.6538461446762085;5.219318866729736
0;0.7407407164573669;6.123301982879639
0;0.7142857313156128;7.03135347366333
0;0.8148148059844971;8.766042709350586
0;0.8666666746139526;9.382132530212402
0;0.8181818127632141;7.7389140129089355
0;0.8064516186714172;8.19625473022461
0;0.84375;7.550164222717285
0;0.8709677457809448;8.41362190246582
0;0.8333333134651184;10.490262985229492
0;0.8333333134651184;11.522385597229004
0;0.8055555820465088;9.194954872131348
0;0.7631579041481018;11.468629837036133
0;0.7948718070983887;11.352273941040039
0;0.7692307829856873;11.465542793273926
0;0.800000011920929;12.164210319519043
0;0.7674418687820435;12.11208724975586
0;0.7250000238418579;13.612104415893555
0;0.7894737124443054;13.4253511428833
0;0.7948718070983887;12.62270736694336
0;0.6363636255264282;12.765358924865723
0;0.6585366129875183;13.646076202392578
0;0.7179487347602844;12.321584701538086
0;0.6382978558540344;13.480020523071289
0;0.7346938848495483;12.411982536315918
0;0.7659574747085571;12.331223487854004
0;0.8139534592628479;12.420488357543945
0;0.7659574747085571;14.379290580749512
0;0.7272727489471436;13.897985458374023
0;0.7045454382896423;17.179710388183594
0;0.7142857313156128;14.576688766479492
0;0.5681818127632141;18.32803726196289
0;0.7407407164573669;13.953027725219727
0;0.7234042286872864;11.858855247497559
0;0.699999988079071;12.85496711730957
0;0.6938775777816772;16.192777633666992
0;0.6415094137191772;15.01999282836914
0;0.8148148059844971;10.281935691833496
0;0.7400000095367432;11.53085708618164
0;0.7647058963775635;14.434030532836914
0;0.692307710647583;15.408538818359375
0;0.7962962985038757;11.639076232910156
0;0.6909090876579285;18.051719665527344
0;0.5769230723381042;14.708681106567383
0;0.6140350699424744;13.884459495544434
0;0.7799999713897705;15.032604217529297
0;0.6200000047683716;15.333185195922852
0;0.7368420958518982;14.330177307128906
0;0.698113203048706;11.595248222351074
0;0.9473684430122375;13.81692886352539
0;0.7678571343421936;11.160719871520996
0;0.6333333253860474;12.151753425598145
0;0.6101694703102112;12.220099449157715
0;0.8928571343421936;24.453166961669922
0;0.7333333492279053;25.10017967224121
0;0.7068965435028076;16.17109489440918
0;0.6181818246841431;12.576179504394531
0;0.8387096524238586;12.876263618469238
0;0.7575757503509521;12.464591026306152
0;0.95652174949646;27.205059051513672
0;0.9615384340286255;28.0484619140625
0;0.8518518805503845;32.38314437866211
0;0.9285714030265808;10.283854484558105
0;0.6428571343421936;13.35764217376709
0;0.7931034564971924;38.16872787475586
0;0.7666666507720947;92.0158462524414
0;0.6333333253860474;54.05472183227539
0;0.6451612710952759;21.724605560302734
0;0.625;8.521573066711426
0;0.7647058963775635;7.537017822265625
0;0.75;8.806339263916016
0;0.8484848737716675;8.204720497131348
0;0.6666666865348816;12.451374053955078
0;0.6666666865348816;12.125520706176758
0;0.8333333134651184;10.901107788085938
0;0.7749999761581421;12.650493621826172
0;0.7749999761581421;12.699833869934082
0;0.7368420958518982;10.928401947021484
0;0.7317073345184326;10.448643684387207
0;0.7894737124443054;10.914113998413086
0;0.7857142686843872;11.233240127563477
0;0.7142857313156128;13.394109725952148
0;0.6499999761581421;12.60753345489502
0;0.7560975551605225;11.704546928405762
0;0.782608687877655;12.29357624053955
0;0.6000000238418579;13.147286415100098
0;0.7291666865348816;12.11486530303955
0;0.6818181872367859;13.987529754638672
0;0.75;13.312457084655762
0;0.6666666865348816;13.920860290527344
0;0.7234042286872864;13.763213157653809
0;0.6666666865348816;11.150863647460938
0;0.7291666865348816;12.627110481262207
0;0.6734693646430969;14.747832298278809
0;0.7358490824699402;13.243545532226562
0;0.6078431606292725;14.317219734191895
0;0.6734693646430969;11.390048027038574
0;0.6122449040412903;12.304694175720215
0;0.6078431606292725;12.786253929138184
0;0.686274528503418;11.686016082763672
0;0.6363636255264282;21.090473175048828
0;0.8541666865348816;21.404146194458008
0;0.6200000047683716;14.920086860656738
0;0.686274528503418;12.634698867797852
0;0.6727272868156433;13.278359413146973
0;0.7037037014961243;12.975411415100098
0;0.5961538553237915;12.192387580871582
0;0.6491228342056274;11.653103828430176
0;0.6607142686843872;14.13422679901123
0;0.6296296119689941;12.54010009765625
0;0.5600000023841858;9.720580101013184
0;0.5283018946647644;9.522687911987305
0;0.8148148059844971;12.682324409484863
0;0.6415094137191772;21.09859275817871
0;0.517241358757019;15.44749927520752
0;0.6071428656578064;14.152948379516602
0;0.6666666865348816;12.66688346862793
0;0.75;11.211548805236816
0;0.5932203531265259;13.131707191467285
0;0.9245283007621765;11.932278633117676
0;0.6271186470985413;13.323917388916016
0;0.6428571343421936;11.950949668884277
0;0.890625;11.04092788696289
0;0.5;13.770204544067383
0;0.8571428656578064;26.26913833618164
0;1.0;9.935422897338867
0;0.8888888955116272;19.611764907836914
0;0.6774193644523621;4.474313259124756
0;0.875;11.237812995910645
0;0.774193525314331;16.59336280822754
0;0.8181818127632141;9.456350326538086
0;0.875;9.12142562866211
0;0.7142857313156128;12.817428588867188
0;0.4444444477558136;36.95683288574219
0;0.8214285969734192;32.923004150390625
0;0.8333333134651184;13.91722583770752
0;0.8387096524238586;8.791360855102539
0;0.84375;12.091261863708496
0;0.5882353186607361;9.47397518157959
0;0.7941176295280457;11.972023963928223
0;0.6857143044471741;8.462592124938965
0;0.90625;8.99009895324707
0;0.7941176295280457;10.203384399414062
0;0.8108108043670654;10.030851364135742
0;0.8918918967247009;8.89755916595459
0;0.837837815284729;8.837827682495117
0;0.7297297120094299;9.062368392944336
0;0.7948718070983887;7.824117183685303
0;0.7560975551605225;9.780852317810059
0;0.7250000238418579;10.255614280700684
0;0.761904776096344;12.942319869995117
0;0.7209302186965942;11.939661979675293
0;0.707317054271698;14.387588500976562
0;0.6976743936538696;11.665192604064941
0;0.7333333492279053;13.496343612670898
0;0.7441860437393188;10.833033561706543
0;0.6363636255264282;12.040401458740234
0;0.8125;9.053313255310059
0;0.7446808218955994;9.36779499053955
0;0.6590909361839294;11.015610694885254
0;0.7209302186965942;12.576212882995605
0;0.6938775777816772;11.016971588134766
0;0.7916666865348816;10.481816291809082
0;0.75;8.293463706970215
0;0.7021276354789734;14.716126441955566
0;0.5199999809265137;14.068917274475098
0;0.8775510191917419;23.90962028503418
0;0.5319148898124695;16.982460021972656
0;0.692307710647583;16.597410202026367
0;0.7142857313156128;17.768356323242188
0;0.7777777910232544;15.451050758361816
0;0.7833333611488342;10.515294075012207
0;0.8461538553237915;8.827336311340332
0;0.8148148059844971;7.63798713684082
0;0.8039215803146362;8.26930046081543
0;0.7450980544090271;11.589367866516113
0;0.75;13.683804512023926
0;0.7200000286102295;13.68026351928711
0;0.6491228342056274;10.405455589294434
0;0.7586206793785095;7.833189487457275
0;0.6896551847457886;7.912928104400635
0;0.7678571343421936;13.845545768737793
0;0.7719298005104065;12.348111152648926
0;0.75;15.455022811889648
0;0.694915235042572;11.661397933959961
0;0.7818182110786438;10.564831733703613
0;0.5833333134651184;12.670659065246582
0;0.6964285969734192;11.116642951965332
0;0.7301587462425232;9.613895416259766
0;0.6833333373069763;8.30734634399414
0;0.7903226017951965;10.336783409118652
0;0.6721311211585999;10.925296783447266
0;0.6666666865348816;15.649629592895508
0;0.6315789222717285;13.162013053894043
0;0.6379310488700867;10.617443084716797
0;0.699999988079071;9.927128791809082
0;0.7936508059501648;7.573419094085693
0;0.7966101765632629;7.972457408905029
0;0.7142857313156128;12.130139350891113
0;0.7377049326896667;8.320192337036133
0;0.7540983557701111;6.822316646575928
0;0.765625;6.7872843742370605
0;0.8333333134651184;13.09471321105957
0;0.7333333492279053;6.70103120803833
0;0.8032786846160889;5.819151401519775
0;0.75;6.071015357971191
0;0.6774193644523621;11.085197448730469
0;0.6393442749977112;4.159416198730469
0;0.8307692408561707;10.381461143493652
0;0.4920634925365448;14.91682243347168
0;0.6129032373428345;10.868393898010254
0;0.5873016119003296;7.743398189544678
0;0.5909090638160706;10.984313011169434
0;0.7846153974533081;12.142629623413086
0;0.931034505367279;22.515230178833008
0;0.9354838728904724;10.978155136108398
0;0.9032257795333862;11.584790229797363
0;0.4516128897666931;40.473304748535156
0;0.9117646813392639;25.215763092041016
0;0.84375;11.19519329071045
0;0.9090909361839294;4.333432674407959
0;1.0;1.5643084049224854
0;0.939393937587738;1.300620436668396
0;0.9714285731315613;2.133167266845703
0;0.9189189076423645;2.919912815093994
0;0.9210526347160339;2.9584314823150635
0;0.8974359035491943;2.957796573638916
0;0.9428571462631226;2.216287612915039
0;0.9459459185600281;1.0218074321746826
0;0.8780487775802612;2.121415376663208
0;0.8461538553237915;1.338614583015442
0;0.8500000238418579;7.152580261230469
0;0.7674418687820435;11.069161415100098
0;0.7674418687820435;12.655534744262695
0;0.8837209343910217;9.825244903564453
0;0.8461538553237915;6.1578145027160645
0;0.9285714030265808;4.453639507293701
0;0.7441860437393188;6.4329023361206055
0;0.782608687877655;5.894171237945557
0;0.7234042286872864;15.763031959533691
0;0.7111111283302307;13.731993675231934
0;0.8199999928474426;6.345401763916016
0;0.9090909361839294;6.957956314086914
0;0.8163265585899353;4.609812259674072
0;0.9200000166893005;4.498669624328613
0;0.7551020383834839;6.036004543304443
0;0.8867924809455872;8.780889511108398
0;0.699999988079071;14.852095603942871
0;0.8461538553237915;13.834919929504395
0;0.8958333134651184;6.545270919799805
0;0.800000011920929;5.704653739929199
0;0.75;6.573686122894287
0;0.9038461446762085;5.091110706329346
0;0.8644067645072937;4.931159496307373
0;0.9090909361839294;5.6826372146606445
0;0.8518518805503845;6.053378105163574
0;0.8727272748947144;7.881011962890625
0;0.7368420958518982;8.236652374267578
0;0.8545454740524292;7.03757381439209
0;0.800000011920929;5.233941078186035
0;0.8947368264198303;5.347126007080078
0;0.8421052694320679;6.522765159606934
0;0.8103448152542114;3.8612234592437744
0;0.8181818127632141;8.697030067443848
0;0.7758620977401733;9.091983795166016
0;0.8448275923728943;5.023589134216309
0;0.8275862336158752;4.433143138885498
0;0.859649121761322;3.4687507152557373
0;0.8225806355476379;7.634896755218506
0;0.761904776096344;5.441545009613037
0;0.7758620977401733;4.129997730255127
0;0.7758620977401733;7.307725429534912
0;0.8571428656578064;18.209915161132812
0;0.7413793206214905;14.782428741455078
0;0.6774193644523621;13.613183975219727
0;0.7777777910232544;7.5033040046691895
0;0.7419354915618896;5.7397918701171875
0;0.8333333134651184;5.253558158874512
0;0.8032786846160889;8.685929298400879
0;0.8135592937469482;8.527120590209961
0;0.7586206793785095;8.19520378112793
0;0.800000011920929;8.154227256774902
0;0.9696969985961914;11.66572380065918
0;0.9354838728904724;15.971170425415039
0;0.9375;25.123825073242188
0;0.9166666865348816;11.743996620178223
0;0.9428571462631226;5.589556694030762
0;0.9714285731315613;2.68058705329895
0;0.9189189076423645;2.204291343688965
0;0.9473684430122375;2.9136457443237305
0;0.925000011920929;6.088749408721924
0;0.8684210777282715;6.304494380950928
0;0.8500000238418579;5.71231746673584
0;0.8780487775802612;12.534425735473633
0;0.9677419066429138;3.7915842533111572
0;0.939393937587738;2.273324728012085
0;0.96875;3.5683112144470215
0;0.8235294222831726;4.3329758644104
0;0.8571428656578064;6.349114894866943
0;0.8571428656578064;6.890314102172852
0;0.8529411554336548;10.771520614624023
0;0.9166666865348816;6.698984622955322
0;0.8648648858070374;14.466423988342285
0;0.8500000238418579;9.622892379760742
0;0.8157894611358643;7.812882423400879
0;0.7837837934494019;8.7572021484375
0;0.8157894611358643;14.051426887512207
0;0.8157894611358643;10.026527404785156
0;0.800000011920929;8.697425842285156
0;0.7857142686843872;10.921333312988281
0;0.7804877758026123;10.453821182250977
0;0.8604651093482971;8.473490715026855
0;0.7555555701255798;8.381773948669434
0;0.8837209343910217;5.3990797996521
0;0.8372092843055725;4.9654765129089355
0;0.8510638475418091;6.251870155334473
0;0.8695651888847351;25.65633201599121
0;0.7954545617103577;12.86452579498291
0;0.8478260636329651;7.3874101638793945
0;0.8085106611251831;6.8827619552612305
0;0.760869562625885;10.42995834350586
0;0.7551020383834839;7.8352155685424805
0;0.692307710647583;8.917913436889648
0;0.8799999952316284;7.6453166007995605
0;0.739130437374115;10.934646606445312
0;0.75;10.226820945739746
0;0.843137264251709;10.147734642028809
0;0.8703703880310059;8.814201354980469
0;0.7755101919174194;16.731901168823242
0;0.8163265585899353;8.27147102355957
0;0.9122806787490845;5.63008451461792
0;0.8235294222831726;2.8620567321777344
0;0.8571428656578064;2.9543285369873047
0;0.8545454740524292;2.553278923034668
0;0.8333333134651184;1.9574943780899048
0;0.8928571343421936;2.012485980987549
0;0.849056601524353;2.3071982860565186
0;0.8727272748947144;3.182481288909912
0;0.7460317611694336;3.685980796813965
0;0.8909090757369995;5.453423500061035
0;0.7966101765632629;9.006145477294922
0;0.7678571343421936;5.109952449798584
0;0.859649121761322;4.677469730377197
0;0.9090909361839294;3.738933801651001
0;0.8275862336158752;4.573392868041992
0;0.8870967626571655;3.978394031524658
0;0.8852459192276001;3.7708535194396973
0;0.8983050584793091;3.680222272872925
0;0.8333333134651184;2.1829111576080322
0;0.9122806787490845;3.9095635414123535
0;0.8888888955116272;2.9302730560302734
0;0.8852459192276001;2.732294797897339
0;0.8571428656578064;3.3466835021972656
0;0.7692307829856873;7.067514419555664
0;0.8730158805847168;8.969280242919922
0;0.7377049326896667;10.00833797454834
0;0.7377049326896667;14.298590660095215
0;0.7971014380455017;11.712983131408691
0;0.71875;8.098384857177734
0;0.8615384697914124;4.273069858551025
0;0.90625;3.9699063301086426
0;0.8507462739944458;3.0237984657287598
0;0.8888888955116272;2.5531013011932373
0;0.9230769276618958;4.11521053314209
0;0.7846153974533081;7.226354122161865
0;0.800000011920929;9.299077987670898
0;0.9666666388511658;13.131054878234863
0;0.9259259104728699;16.434799194335938
0;1.0;16.599388122558594
0;1.0;10.25581169128418
0;0.9090909361839294;19.204219818115234
0;0.8787878751754761;9.035463333129883
0;0.939393937587738;5.473320960998535
0;0.9722222089767456;4.148097991943359
0;0.9722222089767456;5.259801864624023
0;0.9142857193946838;1.777036190032959
0;0.9750000238418579;2.702277660369873
0;0.9210526347160339;2.1275691986083984
0;0.9512194991111755;1.1976518630981445
0;0.8947368264198303;1.2419617176055908
0;0.925000011920929;2.7319083213806152
0;0.8999999761581421;2.0406272411346436
0;0.8809523582458496;3.512270927429199
0;0.8837209343910217;3.7679145336151123
0;0.930232584476471;2.585003137588501
0;0.8837209343910217;2.2757701873779297
0;0.9090909361839294;8.612191200256348
0;0.8863636255264282;5.884530544281006
0;0.8260869383811951;4.7845845222473145
0;0.800000011920929;2.090085983276367
0;0.9333333373069763;1.6425628662109375
0;0.914893627166748;1.9016592502593994
0;0.8958333134651184;1.4439283609390259
0;0.9069767594337463;1.6321884393692017
0;0.9130434989929199;0.7596930861473083
0;0.9090909361839294;0.559154748916626
0;0.875;2.3626625537872314
0;0.97826087474823;2.0817534923553467
0;0.942307710647583;4.989965438842773
0;0.9166666865348816;19.109567642211914
0;0.795918345451355;6.227925777435303
0;0.7692307829856873;6.0532636642456055
0;0.8620689511299133;4.337303638458252
0;0.875;1.9822769165039062
0;0.849056601524353;2.155428409576416
0;0.9272727370262146;1.5597219467163086
0;0.8510638475418091;1.0809252262115479
0;0.8627451062202454;0.7698333859443665
0;0.8846153616905212;1.3704921007156372
0;0.8644067645072937;1.3090566396713257
0;0.8888888955116272;1.5470914840698242
0;0.875;1.5946447849273682
0;0.8867924809455872;1.6630034446716309
0;0.8333333134651184;4.48407506942749
0;0.6034482717514038;8.719766616821289
0;0.7592592835426331;7.947718143463135
0;0.6557376980781555;6.355158805847168
0;0.8148148059844971;4.028343200683594
0;0.8448275923728943;2.1722726821899414
0;0.7547169923782349;2.723705291748047
0;0.7627118825912476;0.901271641254425
0;0.9122806787490845;0.5679379105567932
0;0.8771929740905762;0.8933978080749512
0;0.9016393423080444;1.3248639106750488
0;0.9047619104385376;0.47085297107696533
0;0.8769230842590332;0.9816341996192932
0;0.8305084705352783;1.0964308977127075
0;0.8852459192276001;2.1231906414031982
0;0.9365079402923584;1.7742481231689453
0;0.8548387289047241;6.2589006423950195
0;0.8387096524238586;8.608258247375488
0;0.7833333611488342;4.4588541984558105
0;0.8999999761581421;7.674618721008301
0;0.970588207244873;5.104223728179932
0;0.9696969985961914;5.487560272216797
0;0.90625;4.682460784912109
0;1.0;15.98696517944336
0;0.9090909361839294;7.277302265167236
0;0.9714285731315613;8.080989837646484
0;1.0;16.609233856201172
0;0.9459459185600281;15.77371597290039
0;0.9230769276618958;6.0248870849609375
0;0.9230769276618958;3.9711546897888184
0;0.949999988079071;1.7037079334259033
0;0.949999988079071;3.0763535499572754
0;0.9268292784690857;2.4571878910064697
0;0.9210526347160339;2.0070581436157227
0;0.9069767594337463;3.3144350051879883
0;0.8666666746139526;3.793186664581299
0;0.9534883499145508;4.560097694396973
0;0.9285714030265808;5.225189208984375
0;0.9069767594337463;6.113955974578857
0;0.9069767594337463;6.528147220611572
0;0.9555555582046509;7.939157962799072
0;0.8913043737411499;4.897488594055176
0;0.8444444537162781;6.809563636779785
0;0.8809523582458496;6.231179237365723
0;0.8723404407501221;4.941544055938721
0;0.8888888955116272;4.143210411071777
0;0.8604651093482971;4.726384162902832
0;0.9375;3.8905694484710693
0;0.8999999761581421;3.241825819015503
0;0.9433962106704712;3.3616418838500977
0;0.8600000143051147;4.401743412017822
0;0.9444444179534912;3.2543585300445557
0;0.8823529481887817;2.296320915222168
0;0.8799999952316284;3.3537464141845703
0;0.9259259104728699;2.3579347133636475
0;0.8727272748947144;4.376372337341309
0;0.9215686321258545;7.957208156585693
0;0.7540983557701111;8.410144805908203
0;0.8999999761581421;3.209543466567993
0;0.8909090757369995;2.507835865020752
0;0.9642857313156128;1.7307006120681763
0;0.9245283007621765;2.611302137374878
0;1.0;1.8338396549224854
0;0.9285714030265808;1.2279281616210938
0;0.9615384340286255;1.2165393829345703
0;0.9322034120559692;1.7025457620620728
0;0.8947368264198303;3.1238346099853516
0;0.8983050584793091;4.654265880584717
0;0.8813559412956238;4.337790012359619
0;0.8965517282485962;2.243213415145874
0;0.921875;2.0725746154785156
0;0.8571428656578064;6.627447605133057
0;0.8703703880310059;8.920635223388672
0;0.8275862336158752;4.767673492431641
0;0.8983050584793091;2.840092897415161
0;0.8360655903816223;2.1665148735046387
0;0.9180327653884888;1.9995086193084717
0;0.8939393758773804;1.1800185441970825
0;0.8870967626571655;1.190306305885315
0;0.859375;2.2677934169769287
0;0.9655172228813171;0.949249804019928
0;0.8833333253860474;1.5141398906707764
0;0.8620689511299133;1.5084062814712524
0;0.8970588445663452;1.8433479070663452
0;0.9180327653884888;3.569056272506714
0;0.8985507488250732;4.547720432281494
0;0.8888888955116272;1.3793644905090332
0;0.8125;1.8220882415771484
0;0.8524590134620667;1.255075216293335
0;0.8448275923728943;1.4159386157989502
0;0.939393937587738;1.3580213785171509
0;0.9264705777168274;0.5381835699081421
0;0.95652174949646;0.626544713973999
0;0.8888888955116272;1.04209566116333
0;0.7910447716712952;1.650797963142395
0;0.9677419066429138;1.6240487098693848
0;0.875;1.1546529531478882
0;0.89552241563797;1.0624923706054688
0;0.9428571462631226;0.5349529981613159
0;0.9333333373069763;0.5476329326629639
0;0.8529411554336548;1.593750238418579
0;0.8970588445663452;1.6850309371948242
0;0.84375;2.091078996658325
0;0.8550724387168884;1.234717607498169
0;0.8253968358039856;3.237143039703369
0;0.8611111044883728;1.6165564060211182
0;0.8285714387893677;1.6183710098266602
0;0.9538461565971375;2.4368886947631836
0;0.800000011920929;2.9799087047576904
0;0.8676470518112183;1.763228416442871
0;0.9152542352676392;2.472844362258911
0;0.8985507488250732;2.8454179763793945
0;0.9180327653884888;3.710291862487793
0;0.9420289993286133;3.3363161087036133
0;0.8219178318977356;2.5700159072875977
0;0.9436619877815247;1.4971028566360474
0;0.9583333134651184;0.7106540203094482
0;0.9305555820465088;0.6542891263961792
0;0.9428571462631226;0.49902573227882385
0;0.698630154132843;3.4806339740753174
0;0.7777777910232544;1.6012513637542725
0;0.8533333539962769;2.123777389526367
0;0.8260869383811951;1.8187296390533447
0;0.9117646813392639;0.8698061108589172
0;0.8636363744735718;1.7130863666534424
0;0.8591549396514893;1.1879373788833618
0;0.8450704216957092;1.2445265054702759
0;0.8405796885490417;0.4000394344329834
0;0.7746478915214539;0.5456318259239197
0;0.8309859037399292;0.5176278948783875
0;0.7183098793029785;1.3462507724761963
0;0.8904109597206116;1.8509563207626343
0;0.7179487347602844;4.6464996337890625
0;0.7916666865348816;1.9144384860992432
0;0.8026315569877625;3.1000962257385254
0;0.7571428418159485;2.3197031021118164
0;0.8767123222351074;0.5499658584594727
0;0.8999999761581421;0.7557822465896606
0;0.7948718070983887;2.3826394081115723
0;0.7714285850524902;4.902773380279541
0;0.7837837934494019;2.368718385696411
0;0.800000011920929;3.687777042388916
0;0.8732394576072693;4.430103778839111
0;0.939393937587738;19.231332778930664
0;0.970588207244873;5.707374095916748
0;0.9714285731315613;18.70892333984375
0;0.8823529481887817;6.748414039611816
0;0.9210526347160339;5.65480899810791
0;0.9459459185600281;5.5186567306518555
0;0.8823529481887817;3.2174510955810547
0;0.9722222089767456;2.34082293510437
0;0.9189189076423645;2.2910239696502686
0;0.9722222089767456;3.7473111152648926
0;0.8947368264198303;6.065464496612549
0;0.8999999761581421;6.8507080078125
0;1.0;4.113915920257568
0;0.925000011920929;2.641996145248413
0;0.9555555582046509;2.0874063968658447
0;0.925000011920929;2.719203472137451
0;0.9545454382896423;2.2488439083099365
0;0.8936170339584351;2.6752002239227295
0;0.9333333373069763;1.2830445766448975
0;0.8958333134651184;1.3137089014053345
0;0.918367326259613;1.5317094326019287
0;0.9069767594337463;3.411146402359009
0;0.8723404407501221;4.881210803985596
0;0.8775510191917419;3.7895772457122803
0;0.9285714030265808;2.295466899871826
0;0.8478260636329651;1.493446707725525
0;1.0;3.069765567779541
0;1.0;3.1475369930267334
0;0.9714285731315613;5.814460754394531
0;0.9714285731315613;12.6226224899292
0;0.9459459185600281;2.4474759101867676
0;0.9428571462631226;4.183760643005371
0;0.9210526347160339;3.9762046337127686
0;0.9512194991111755;3.950742483139038
0;0.9756097793579102;1.905338168144226
0;0.9512194991111755;1.2350175380706787
0;1.0;2.0944180488586426
0;0.9756097793579102;1.4518100023269653
0;0.9268292784690857;3.2811672687530518
0;0.9545454382896423;2.198120355606079
0;0.9333333373069763;2.825523614883423
0;0.9714285731315613;2.3880422115325928
0;0.9696969985961914;4.327483654022217
0;1.0;3.454251527786255
0;0.9459459185600281;4.887706279754639
0;0.9487179517745972;3.299009323120117
0;0.9210526347160339;5.3548150062561035
0;0.9743589758872986;2.4681241512298584
0;0.9750000238418579;2.619349241256714
0;0.976190447807312;2.1989314556121826
0;0.9736841917037964;1.7397032976150513
0;0.9523809552192688;1.680922508239746
0;0.9523809552192688;0.979016900062561
0;0.9090909361839294;0.8092590570449829
0;0.8999999761581421;4.46489953994751
0;0.8913043737411499;3.3364944458007812
0;0.9090909361839294;2.017331838607788
0;0.8958333134651184;4.452760219573975
0;0.8888888955116272;7.377852439880371
0;0.9333333373069763;5.067315578460693
0;0.957446813583374;2.7539448738098145
0;0.8723404407501221;3.0941805839538574
0;0.9387755393981934;1.4902822971343994
0;0.8666666746139526;3.0341362953186035
0;0.9230769276618958;4.009820461273193
0;0.8958333134651184;4.1845011711120605
0;0.9795918464660645;3.147087335586548
0;0.8867924809455872;1.483048915863037
0;0.9615384340286255;1.5223921537399292
0;0.9622641801834106;2.1584255695343018
0;0.9811320900917053;1.9469300508499146
0;0.9629629850387573;2.22857403755188
0;0.9056603908538818;3.4678471088409424
0;0.9411764740943909;1.8596601486206055
0;0.9464285969734192;2.244347333908081
0;0.8627451062202454;2.7317214012145996
0;0.8421052694320679;2.989448070526123
0;0.9200000166893005;1.3682905435562134
0;0.9285714030265808;2.715651035308838
0;0.9122806787490845;1.3550206422805786
0;0.931034505367279;3.625157117843628
0;0.9090909361839294;4.140404224395752
0;0.8518518805503845;3.172607898712158
0;0.9245283007621765;1.3599361181259155
0;0.9180327653884888;2.400902271270752
0;0.8775510191917419;1.7684270143508911
0;0.9259259104728699;0.8521382808685303
0;0.875;1.5495742559432983
0;0.8421052694320679;1.9591830968856812
0;0.8813559412956238;1.947606086730957
0;0.8939393758773804;2.191495656967163
0;0.9354838728904724;1.6146060228347778
0;0.921875;1.989556074142456
0;0.9661017060279846;2.225820302963257
0;0.8999999761581421;3.957968235015869
0;0.9696969985961914;7.777681350708008
0;0.9722222089767456;16.325965881347656
0;0.8918918967247009;23.507095336914062
0;0.9722222089767456;6.075662612915039
0;0.9743589758872986;6.200523376464844
0;0.8918918967247009;6.706051826477051
0;0.9473684430122375;6.17498254776001
0;0.9210526347160339;6.126504421234131
0;0.9487179517745972;2.3323967456817627
0;0.9268292784690857;1.6903470754623413
0;0.9534883499145508;1.100406527519226
0;0.9750000238418579;2.236201763153076
0;0.9534883499145508;1.4653050899505615
0;0.9772727489471436;1.4877324104309082
0;0.9347826242446899;0.7057142853736877
0;0.9318181872367859;1.6582850217819214
0;0.8863636255264282;1.3544087409973145
0;0.9375;1.3791418075561523
0;0.9333333373069763;1.30843186378479
0;0.9795918464660645;1.5645211935043335
0;0.9285714030265808;2.5602569580078125
0;0.957446813583374;2.8829495906829834
0;0.8541666865348816;3.644566774368286
0;1.0;2.549675226211548
0;0.918367326259613;0.9567792415618896
0;0.9411764740943909;0.8258883357048035
0;0.9800000190734863;0.5782647728919983
0;0.957446813583374;1.2643227577209473
0;0.9230769276618958;1.806559443473816
0;0.9464285969734192;2.232851505279541
0;0.8958333134651184;0.8778092861175537
0;0.942307710647583;1.392741322517395
0;0.9285714030265808;0.8712028861045837
0;0.9615384340286255;0.8940948247909546
0;0.9615384340286255;1.5409142971038818
0;0.9444444179534912;2.997340202331543
0;0.8888888955116272;6.27367639541626
0;0.9038461446762085;6.980179786682129
0;0.9019607901573181;3.259859800338745
0;0.8867924809455872;4.541115760803223
0;0.8965517282485962;2.3919076919555664
0;0.8983050584793091;1.3694883584976196
0;0.90625;0.984411358833313
0;0.9636363387107849;0.9114040732383728
0;0.8965517282485962;0.8253077864646912
0;0.9259259104728699;1.7160454988479614
0;0.9344262480735779;1.6943378448486328
0;0.843137264251709;3.3361122608184814
0;0.8727272748947144;2.1947357654571533
0;0.7924528121948242;3.202775716781616
0;0.8275862336158752;8.812728881835938
0;0.9473684430122375;14.367903709411621
0;0.9411764740943909;10.397109985351562
0;1.0;4.434840202331543
0;0.9736841917037964;4.657769203186035
0;1.0;5.418211936950684
0;1.0;1.691275954246521
0;1.0;1.5194342136383057
0;0.976190447807312;3.2043838500976562
0;0.976190447807312;5.011043548583984
0;0.9767441749572754;2.354806661605835
0;0.976190447807312;1.8419269323349
0;1.0;2.912773609161377
0;1.0;0.8029065728187561
0;0.976190447807312;0.29076939821243286
0;1.0;0.3051051199436188
0;0.9545454382896423;1.381311297416687
0;0.9795918464660645;0.7747449278831482
0;1.0;0.5490827560424805
0;1.0;1.0060176849365234
0;0.9795918464660645;1.2812923192977905
0;1.0;1.7404550313949585
0;0.9800000190734863;1.4615387916564941
0;1.0;2.5375986099243164
0;0.9599999785423279;1.0024065971374512
0;0.95652174949646;1.0920474529266357
0;1.0;0.8086958527565002
0;1.0;0.8655779957771301
0;1.0;0.6528366208076477
0;1.0;0.4664486348628998
0;1.0;0.602240264415741
0;0.9444444179534912;7.1881232261657715
0;0.96875;5.362648010253906
0;0.970588207244873;11.794894218444824
0;0.9736841917037964;12.35098934173584
0;0.9722222089767456;23.81793975830078
0;0.9750000238418579;6.503430366516113
0;0.9210526347160339;5.521459102630615
0;0.9750000238418579;2.5416178703308105
0;0.930232584476471;5.211219787597656
0;0.9189189076423645;4.970627784729004
0;0.8999999761581421;5.702868461608887
0;0.8863636255264282;3.924807548522949
0;0.9523809552192688;3.7311794757843018
0;0.930232584476471;3.3125905990600586
0;0.9268292784690857;3.48077130317688
0;0.9090909361839294;2.6505556106567383
0;0.95652174949646;2.8117504119873047
0;0.9318181872367859;2.9086625576019287
0;0.9333333373069763;2.097841262817383
0;0.9333333373069763;2.78987455368042
0;0.9333333373069763;5.591139793395996
0;0.96875;3.1648595333099365
0;1.0;5.606736660003662
0;1.0;2.9463002681732178
0;1.0;9.377180099487305
0;1.0;2.8183014392852783
0;0.9428571462631226;3.594407081604004
0;0.9736841917037964;2.538505792617798
0;1.0;3.5152807235717773
0;0.9444444179534912;2.468184232711792
0;0.9736841917037964;2.345280408859253
0;0.9459459185600281;4.586665153503418
0;1.0;3.661351442337036
0;0.9750000238418579;1.263010859489441
0;0.9756097793579102;0.791405439376831
0;1.0;0.6323452591896057
0;1.0;0.6757270097732544
0;1.0;0.6592633128166199
0;0.9318181872367859;0.9678351879119873
0;0.9777777791023254;1.019266128540039
0;0.97826087474823;0.7469528317451477
0;0.957446813583374;0.8690730333328247
0;0.9555555582046509;2.273987293243408
0;0.914893627166748;1.8019827604293823
0;0.978723406791687;1.5346662998199463
0;0.9555555582046509;1.7113454341888428
0;0.9583333134651184;1.3041940927505493
0;0.9795918464660645;0.8128638863563538
0;0.9583333134651184;1.2280915975570679
0;0.9411764740943909;1.348883032798767
0;0.8679245114326477;2.656135082244873
0;0.9607843160629272;1.3502517938613892
0;0.8846153616905212;2.2030396461486816
0;0.843137264251709;2.571967363357544
0;0.9090909361839294;2.6718380451202393
0;0.8909090757369995;1.7546586990356445
0;0.9807692170143127;1.1301534175872803
0;0.9411764740943909;0.8860461711883545
0;0.8571428656578064;1.3579864501953125
0;0.8703703880310059;3.2552943229675293
0;0.8245614171028137;6.007774353027344
0;0.8771929740905762;1.0410596132278442
0;0.9200000166893005;0.7699589729309082
0;0.9661017060279846;0.28569626808166504
0;0.9636363387107849;0.4780620336532593
0;0.9824561476707458;0.30684584379196167
0;0.9298245906829834;0.48305782675743103
0;0.9655172228813171;0.7050797939300537
0;0.8965517282485962;1.693584680557251
0;0.9137930870056152;2.1661486625671387
0;0.8196721076965332;6.62648868560791
0;0.8771929740905762;3.7990150451660156
0;0.8500000238418579;2.875114679336548
0;0.8833333253860474;1.98909330368042
0;0.890625;1.3564343452453613
0;0.8999999761581421;2.4739625453948975
0;0.8870967626571655;2.3690450191497803
0;0.9180327653884888;1.033656358718872
0;0.9666666388511658;0.5500298738479614
0;0.939393937587738;0.5229219198226929
0;0.9666666388511658;1.3240244388580322
0;0.9821428656578064;0.8917854428291321
0;0.9047619104385376;0.9536706805229187
0;0.9047619104385376;2.758582353591919
0;0.7666666507720947;3.781216859817505
0;0.9365079402923584;1.250641942024231
0;0.9516128897666931;1.4955376386642456
0;0.9076923131942749;1.44459068775177
0;0.859375;0.8021484017372131
0;0.9344262480735779;0.5342594981193542
0;0.9428571462631226;0.7454800605773926
0;0.9354838728904724;0.6742771863937378
0;0.9384615421295166;1.3660410642623901
0;0.939393937587738;1.0156195163726807
0;0.8947368264198303;1.2004947662353516
0;0.8676470518112183;1.102997064590454
0;0.9104477763175964;0.7876772880554199
0;0.9104477763175964;0.6449944972991943
0;0.8888888955116272;0.8651837706565857
0;0.8484848737716675;0.8518617749214172
0;0.8970588445663452;0.4470174312591553
0;0.921875;0.32926592230796814
0;0.8970588445663452;0.35255640745162964
0;0.95652174949646;0.25605255365371704
0;0.9552238583564758;0.47984427213668823
0;0.9436619877815247;0.3763097822666168
0;0.9692307710647583;0.4785006642341614
0;0.9275362491607666;1.0096285343170166
0;0.8472222089767456;1.6817432641983032
0;0.8939393758773804;1.0178073644638062
0;0.8961039185523987;1.2708016633987427
0;0.8970588445663452;1.5242583751678467
0;0.8805969953536987;1.8698948621749878
0;0.7611940503120422;3.1977617740631104
0;1.0;7.448345184326172
0;1.0;13.701972007751465
0;0.9714285731315613;19.467662811279297
0;0.9736841917037964;8.656086921691895
0;0.9473684430122375;10.128216743469238
0;0.9268292784690857;7.687980651855469
0;0.9473684430122375;2.98653244972229
0;0.9750000238418579;1.1488693952560425
0;0.9189189076423645;2.599803924560547
0;0.9523809552192688;2.387106418609619
0;0.9767441749572754;0.8634031414985657
0;1.0;1.3992817401885986
0;0.9545454382896423;1.2726799249649048
0;0.976190447807312;1.0118157863616943
0;1.0;2.36757493019104
0;0.9591836929321289;0.6843770742416382
0;0.9375;0.48139968514442444
0;0.95652174949646;0.35588446259498596
0;0.9387755393981934;0.3839024007320404
0;0.9387755393981934;0.8539705276489258
0;0.8837209343910217;2.6639082431793213
0;0.9387755393981934;2.049038887023926
0;0.9607843160629272;1.2185245752334595
0;0.9803921580314636;1.7218241691589355
0;0.8571428656578064;0.907615602016449
0;1.0;1.975533366203308
0;0.8571428656578064;1.8037296533584595
0;0.9200000166893005;1.2745212316513062
0;0.9454545378684998;1.134196400642395
0;0.9245283007621765;0.7855463027954102
0;0.9636363387107849;0.43205729126930237
0;0.9615384340286255;0.5282561182975769
0;0.942307710647583;0.5250011086463928
0;0.9074074029922485;1.6830527782440186
0;0.9622641801834106;0.4420098066329956
0;1.0;0.38376379013061523
0;0.9736841917037964;8.46055793762207
0;0.9729729890823364;4.337895393371582
0;0.9512194991111755;0.7504711151123047
0;0.9743589758872986;0.617779016494751
0;1.0;0.4860808849334717
0;0.9473684430122375;1.3207943439483643
0;0.9523809552192688;1.010802984237671
0;0.9750000238418579;1.4739811420440674
0;0.9268292784690857;2.74654483795166
0;0.9772727489471436;1.5693066120147705
0;0.9512194991111755;4.823098659515381
0;0.9545454382896423;3.4742090702056885
0;1.0;1.93009614944458
0;0.9795918464660645;1.2148630619049072
0;1.0;1.6079548597335815
0;1.0;1.2800792455673218
0;0.9772727489471436;2.602379083633423
0;0.9807692170143127;1.0616933107376099
0;0.9583333134651184;3.352623224258423
0;1.0;0.3738363981246948
0;0.978723406791687;0.2519928216934204
0;0.9795918464660645;0.806526780128479
0;0.9591836929321289;1.0463011264801025
0;0.9387755393981934;2.393691062927246
0;0.843137264251709;9.839234352111816
0;0.8679245114326477;3.6422665119171143
0;0.9074074029922485;1.3810386657714844
0;0.936170220375061;1.890604853630066
0;0.8846153616905212;2.789797306060791
0;0.9591836929321289;1.25734543800354
0;0.9599999785423279;0.9529609084129333
0;0.9622641801834106;1.0919870138168335
0;0.9795918464660645;0.4188680052757263
0;0.9818181991577148;0.9033522605895996
0;0.9016393423080444;1.4917231798171997
0;0.9655172228813171;1.8962525129318237
0;0.9655172228813171;0.5591728687286377
0;0.9841269850730896;1.8458306789398193
0;0.9736841917037964;1.1527540683746338
0;1.0;2.1439993381500244
0;0.9473684430122375;3.6711137294769287
0;0.9750000238418579;14.495588302612305
0;0.925000011920929;2.4642322063446045
0;0.9487179517745972;3.265561103820801
0;0.9268292784690857;2.6922497749328613
0;0.9512194991111755;2.5487852096557617
0;0.930232584476471;3.3325014114379883
0;0.9090909361839294;3.562110662460327
0;0.9318181872367859;3.4973719120025635
0;0.9777777791023254;1.03828763961792
0;0.9545454382896423;8.844202041625977
0;0.9347826242446899;2.746687650680542
0;0.9791666865348816;3.6956729888916016
0;0.9555555582046509;0.7281825542449951
0;0.942307710647583;1.1620649099349976
0;0.9555555582046509;1.5407449007034302
0;0.936170220375061;1.2260435819625854
0;0.9795918464660645;1.1715474128723145
0;0.914893627166748;2.599294900894165
0;0.9387755393981934;2.9831502437591553
0;0.942307710647583;1.2330665588378906
0;0.9245283007621765;3.2607462406158447
0;0.9464285969734192;0.954151451587677
0;0.9818181991577148;1.0448906421661377
0;0.9599999785423279;0.7988842129707336
0;0.9803921580314636;1.2597237825393677
0;0.9807692170143127;1.5287907123565674
0;0.9649122953414917;2.468463659286499
0;0.949999988079071;0.8373318314552307
0;0.9807692170143127;0.9367265105247498
0;0.9811320900917053;0.48577937483787537
0;0.9814814925193787;1.1328798532485962
0;0.9838709831237793;0.543734610080719
0;1.0;1.1509263515472412
0;0.9824561476707458;0.5695794820785522
0;1.0;0.8736079931259155
0;0.982758641242981;0.7030367255210876
0;0.9818181991577148;1.4125882387161255
0;0.9649122953414917;1.0352399349212646
0;1.0;1.7366700172424316
0;0.9666666388511658;0.8245020508766174
0;0.9830508232116699;1.2112303972244263
0;0.9833333492279053;1.196098804473877
0;0.9322034120559692;2.3440351486206055
0;0.9180327653884888;2.2679262161254883
0;0.8666666746139526;2.9618301391601562
0;0.8709677457809448;3.0049197673797607
0;0.9242424368858337;0.6683067083358765
0;0.9180327653884888;0.40110689401626587
0;0.949999988079071;0.4488469064235687
0;0.9682539701461792;0.7414894700050354
0;0.9833333492279053;0.3588061034679413
0;0.9344262480735779;0.7580934166908264
0;0.9298245906829834;0.47142305970191956
0;0.9848484992980957;0.2318454384803772
0;0.96875;0.3770088255405426
0;0.9375;1.2035573720932007
0;0.9104477763175964;1.824569821357727
0;0.9193548560142517;4.054623603820801
0;0.8615384697914124;2.0301592350006104
0;0.800000011920929;1.7133830785751343
0;0.8153846263885498;2.2585697174072266
0;0.9285714030265808;2.0157525539398193
0;0.9841269850730896;1.2983522415161133
0;0.9523809552192688;1.0107007026672363
0;0.9545454382896423;0.5448281168937683
0;0.9538461565971375;0.2192978411912918
0;1.0;0.6196118593215942
0;0.9701492786407471;0.24761468172073364
0;0.9852941036224365;0.14663057029247284
0;0.9852941036224365;0.3899127244949341
0;0.9242424368858337;0.5864985585212708
0;0.9848484992980957;0.5461206436157227
0;0.9692307710647583;0.542763352394104
0;0.9583333134651184;1.018866777420044
0;0.9264705777168274;0.8361483812332153
0;0.9848484992980957;0.5552640557289124
0;0.9295774698257446;0.8619903922080994
0;0.9710144996643066;0.9953330159187317
0;0.8676470518112183;1.9712095260620117
0;0.9253731369972229;1.6623756885528564
0;0.875;1.4004993438720703
0;0.9384615421295166;1.0377068519592285
0;0.9054054021835327;1.6282780170440674
0;0.8918918967247009;0.7600843906402588
0;0.8611111044883728;0.457897812128067
0;0.921875;0.3666730523109436
0;0.9558823704719543;0.3798084259033203
0;0.9436619877815247;1.0473703145980835
0;0.9594594836235046;0.7319039702415466
0;0.9285714030265808;0.5828341245651245
0;0.9552238583564758;0.39697572588920593
0;0.9324324131011963;0.27079206705093384
0;0.9852941036224365;0.27689996361732483
0;0.9444444179534912;0.585154116153717
0;0.8985507488250732;1.2323797941207886
0;1.0;12.96572208404541
0;1.0;8.551584243774414
0;0.7692307829856873;23.566219329833984
0;0.8780487775802612;5.836865425109863
0;0.8157894611358643;14.742298126220703
0;1.0;19.023176193237305
0;0.8717948794364929;9.426332473754883
0;0.8888888955116272;10.375332832336426
0;0.9090909361839294;6.618333339691162
0;0.9512194991111755;3.671627998352051
0;0.9285714030265808;4.9907708168029785
0;0.9777777791023254;3.5652754306793213
0;0.95652174949646;4.740289211273193
0;0.9583333134651184;4.921295166015625
0;1.0;5.357895851135254
0;0.9722222089767456;9.802705764770508
0;1.0;15.14767837524414
0;1.0;2.600193977355957
0;0.9729729890823364;2.741741895675659
0;0.9750000238418579;2.1235392093658447
0;0.9729729890823364;5.129451751708984
0;0.9534883499145508;4.1211700439453125
0;1.0;5.15167760848999
0;0.9743589758872986;2.003300189971924
0;0.9750000238418579;2.030329704284668
0;1.0;0.9346346855163574
0;1.0;0.9816558361053467
0;0.9767441749572754;0.5671399831771851
0;0.957446813583374;1.1747682094573975
0;0.978723406791687;0.5490943193435669
0;1.0;0.5116498470306396
0;0.97826087474823;0.4601908028125763
0;1.0;0.48239055275917053
0;0.9795918464660645;0.5543913841247559
0;0.9411764740943909;0.8336113095283508
0;0.9444444179534912;0.9817239046096802
0;0.9347826242446899;2.096792697906494
0;0.9387755393981934;1.1429394483566284
0;0.9607843160629272;1.6292799711227417
0;0.9215686321258545;1.1095980405807495
0;0.9803921580314636;3.1841630935668945
0;0.9245283007621765;1.322709321975708
0;0.9622641801834106;0.7803508043289185
0;0.9821428656578064;0.5571388602256775
0;0.9259259104728699;0.6572756171226501
0;0.9298245906829834;2.5138816833496094
0;0.8163265585899353;10.014740943908691
0;0.9122806787490845;2.838914394378662
0;0.9464285969734192;2.593479633331299
0;0.9454545378684998;0.7646974325180054
0;0.8965517282485962;1.9701155424118042
0;0.9444444179534912;2.232191324234009
0;0.8627451062202454;2.1005656719207764
0;0.9649122953414917;2.021683692932129
0;0.9482758641242981;1.4373701810836792
0;0.9298245906829834;4.486969947814941
0;0.9649122953414917;1.4526702165603638
0;0.8983050584793091;3.6447086334228516
0;0.890625;1.2829961776733398
0;0.9272727370262146;3.1240334510803223
0;0.8524590134620667;4.441608905792236
0;0.8620689511299133;4.386600494384766
0;0.8947368264198303;2.5080647468566895
0;0.921875;1.2060983180999756
0;0.9180327653884888;2.7351107597351074
0;0.8833333253860474;1.629162073135376
0;0.8813559412956238;0.9583350419998169
0;0.9032257795333862;0.8236411809921265
0;0.8805969953536987;1.558046579360962
0;0.90625;1.4450650215148926
0;0.8870967626571655;2.4496889114379883
0;0.9436619877815247;1.5248494148254395
0;0.9677419066429138;0.6981459259986877
0;0.953125;0.4871717095375061
0;0.9491525292396545;1.235892415046692
0;0.9047619104385376;1.2648108005523682
0;0.9047619104385376;1.0697333812713623
0;0.8870967626571655;1.534419298171997
0;0.8208954930305481;1.5904412269592285
0;0.90625;1.1225359439849854
0;0.8382353186607361;2.0625874996185303
0;0.9552238583564758;0.808432936668396
0;0.9411764740943909;0.4561121165752411
0;0.9545454382896423;0.15653471648693085
0;0.9850746393203735;0.19613760709762573
0;0.9666666388511658;0.26379337906837463
0;0.9558823704719543;0.25862574577331543
0;0.9836065769195557;0.41809797286987305
0;0.8985507488250732;0.9120734333992004
0;0.9242424368858337;1.3610601425170898
0;0.8088235259056091;6.177654266357422
0;0.8888888955116272;2.1809298992156982
0;0.8636363744735718;3.3285648822784424
0;0.8676470518112183;1.3160860538482666
0;0.89552241563797;0.8704599738121033
0;0.8769230842590332;0.8396565914154053
0;0.9285714030265808;1.8043004274368286
0;0.8970588445663452;1.4925706386566162
0;0.8939393758773804;0.7445428371429443
0;0.9558823704719543;0.4378340542316437
0;0.8985507488250732;0.5617121458053589
0;0.8840579986572266;1.6116721630096436
0;0.9166666865348816;1.071223258972168
0;0.9264705777168274;0.7254034876823425
0;0.9275362491607666;0.617969810962677
0;0.8985507488250732;0.5619298219680786
0;0.8904109597206116;0.6115483641624451
0;0.9714285731315613;0.2614338994026184
0;0.9545454382896423;0.2127068191766739
0;0.9178082346916199;0.1408292055130005
0;0.9466666579246521;0.15732760727405548
0;0.9605262875556946;0.21620149910449982
0;0.9178082346916199;0.5224508047103882
0;0.9014084339141846;0.5262225270271301
0;0.7532467246055603;1.7666174173355103
0;0.8153846263885498;2.7855255603790283
